Method,AUROC,F1,Spearman
Majority Baseline — Test,0.5,0.0,
Method A — Test,0.6632425336396456,0.3333333333333333,0.262521222299177
Method B — Test,0.6040576423904288,0.23100303951367782,0.21212119863231227
Method C — Test,0.7644001551451503,0.5755627009646302,0.42511026761853765
